position,kmer,code_8bit
0,TAGT,203
1,AGTT,47
2,GTTA,188
3,TTAA,240
4,TAAA,192
5,AAAA,0
6,AAAG,2
7,AAGA,8
8,AGAA,32
9,GAAA,128
10,AAAA,0
11,AAAA,0
12,AAAA,0
13,AAAT,3
14,AATA,12
15,ATAT,51
16,TATA,204
17,ATAA,48
18,TAAA,192
19,AAAT,3
20,AATT,15
21,ATTA,60
22,TTAT,243
23,TATT,207
24,ATTT,63
25,TTTT,255
26,TTTT,255
27,TTTA,252
28,TTAT,243
29,TATA,204
30,ATAA,48
31,TAAA,192
32,AAAG,2
33,AAGA,8
34,AGAG,34
35,GAGA,136
36,AGAC,33
37,GACG,134
38,ACGC,25
39,CGCC,101
40,GCCA,148
41,CCAT,83
42,CATC,77
43,ATCG,54
44,TCGA,216
45,CGAT,99
46,GATC,141
47,ATCC,53
48,TCCC,213
49,CCCT,87
50,CCTT,95
51,CTTT,127
52,TTTC,253
53,TTCC,245
54,TCCA,212
55,CCAG,82
56,CAGT,75
57,AGTC,45
58,GTCC,181
59,TCCT,215
60,CCTG,94
61,CTGG,122
62,TGGC,233
63,GGCA,164
64,GCAT,147
65,CATT,79
66,ATTC,61
67,TTCT,247
68,TCTA,220
69,CTAG,114
70,TAGG,202
71,AGGA,40
72,GGAG,162
73,GAGC,137
74,AGCA,36
75,GCAC,145
76,CACA,68
77,ACAT,19
78,CATC,77
79,ATCC,53
80,TCCC,213
81,CCCG,86
82,CCGA,88
83,CGAT,99
84,GATG,142
85,ATGA,56
86,TGAA,224
87,GAAA,128
88,AAAA,0
89,AAAT,3
90,AATC,13
91,ATCA,52
92,TCAC,209
93,CACC,69
94,ACCA,20
95,CCAT,83
96,CATA,76
97,ATAG,50
98,TAGA,200
99,AGAT,35
100,GATC,141
101,ATCG,54
102,TCGT,219
103,CGTG,110
104,GTGA,184
105,TGAA,224
106,GAAG,130
107,AAGA,8
108,AGAT,35
109,GATC,141
110,ATCT,55
111,TCTT,223
112,CTTC,125
113,TTCT,247
114,TCTC,221
115,CTCC,117
116,TCCC,213
117,CCCC,85
118,CCCA,84
119,CCAT,83
120,CATC,77
121,ATCC,53
122,TCCT,215
123,CCTG,94
124,CTGG,122
125,TGGC,233
126,GGCG,166
127,GCGA,152
128,CGAA,96
129,GAAT,131
130,AATA,12
131,ATAT,51
132,TATG,206
133,ATGG,58
134,TGGC,233
135,GGCC,165
136,GCCA,148
137,CCAA,80
138,CAAT,67
139,AATA,12
140,ATAT,51
141,TATT,207
142,ATTG,62
143,TTGC,249
144,TGCC,229
145,GCCG,150
146,CCGA,88
147,CGAC,97
148,GACC,133
149,ACCG,22
150,CCGG,90
151,CGGC,105
152,GGCG,166
153,GCGC,153
154,CGCC,101
155,GCCC,149
156,CCCG,86
157,CCGG,90
158,CGGT,107
159,GGTA,172
160,GTAC,177
161,TACA,196
162,ACAA,16
163,CAAC,65
164,AACC,5
165,ACCA,20
166,CCAA,80
167,CAAT,67
168,AATT,15
169,ATTC,61
170,TTCT,247
171,TCTG,222
172,CTGG,122
173,TGGC,233
174,GGCC,165
175,GCCC,149
176,CCCA,84
177,CCAT,83
178,CATG,78
179,ATGT,59
180,TGTC,237
181,GTCC,181
182,TCCT,215
183,CCTT,95
184,CTTA,124
185,TTAT,243
186,TATC,205
187,ATCG,54
188,TCGA,216
189,CGAA,96
190,GAAG,130
191,AAGC,9
192,AGCC,37
193,GCCG,150
194,CCGC,89
195,CGCA,100
196,GCAG,146
197,CAGG,74
198,AGGC,41
199,GGCC,165
200,GCCA,148
201,CCAA,80
202,CAAC,65
203,AACA,4
204,ACAC,17
205,CACT,71
206,ACTG,30
207,CTGC,121
208,TGCC,229
209,GCCG,150
210,CCGC,89
211,CGCT,103
212,GCTT,159
213,CTTC,125
214,TTCG,246
215,TCGT,219
216,CGTC,109
217,GTCG,182
218,TCGC,217
219,CGCT,103
220,GCTA,156
221,CTAC,113
222,TACC,197
223,ACCG,22
224,CCGA,88
225,CGAT,99
226,GATC,141
227,ATCT,55
228,TCTG,222
229,CTGG,122
230,TGGA,232
231,GGAA,160
232,GAAG,130
233,AAGT,11
234,AGTC,45
235,GTCC,181
236,TCCA,212
237,CCAG,82
238,CAGC,73
239,AGCT,39
240,GCTT,159
241,CTTT,127
242,TTTC,253
243,TTCC,245
244,TCCG,214
245,CCGC,89
246,CGCC,101
247,GCCG,150
248,CCGA,88
249,CGAC,97
250,GACC,133
251,ACCT,23
252,CCTG,94
253,CTGG,122
254,TGGA,232
255,GGAT,163
256,GATC,141
257,ATCA,52
258,TCAC,209
259,CACC,69
260,ACCC,21
261,CCCG,86
262,CCGG,90
263,CGGT,107
264,GGTA,172
265,GTAG,178
266,TAGA,200
267,AGAT,35
268,GATG,142
269,ATGC,57
270,TGCG,230
271,GCGC,153
272,CGCC,101
273,GCCG,150
274,CCGG,90
275,CGGG,106
276,GGGC,169
277,GGCA,164
278,GCAC,145
279,CACT,71
280,ACTT,31
281,CTTG,126
282,TTGC,249
283,TGCG,230
284,GCGC,153
285,CGCC,101
286,GCCG,150
287,CCGT,91
288,CGTC,109
289,GTCC,181
290,TCCC,213
291,CCCC,85
292,CCCG,86
293,CCGC,89
294,CGCT,103
295,GCTC,157
296,CTCG,118
297,TCGC,217
298,CGCA,100
299,GCAA,144
300,CAAA,64
301,AAAC,1
302,AACT,7
303,ACTC,29
304,CTCT,119
305,TCTA,220
306,CTAT,115
307,TATG,206
308,ATGA,56
309,TGAC,225
310,GACA,132
311,ACAT,19
312,CATC,77
313,ATCT,55
314,TCTG,222
315,CTGT,123
316,TGTC,237
317,GTCG,182
318,TCGG,218
319,CGGG,106
320,GGGC,169
321,GGCG,166
322,GCGT,155
323,CGTT,111
324,GTTA,188
325,TTAC,241
326,TACC,197
327,ACCC,21
328,CCCG,86
329,CCGA,88
330,CGAA,96
331,GAAC,129
332,AACA,4
333,ACAC,17
334,CACA,68
335,ACAC,17
336,CACC,69
337,ACCC,21
338,CCCC,85
339,CCCC,85
340,CCCA,84
341,CCAT,83
342,CATA,76
343,ATAG,50
344,TAGA,200
345,AGAA,32
346,GAAT,131
347,AATT,15
348,ATTT,63
349,TTTC,253
350,TTCA,244
351,TCAT,211
352,CATA,76
353,ATAA,48
354,TAAA,192
355,AAAG,2
356,AAGA,8
357,AGAC,33
358,GACG,134
359,ACGG,26
360,CGGC,105
361,GGCG,166
362,GCGA,152
363,CGAA,96
364,GAAA,128
365,AAAA,0
366,AAAG,2
367,AAGC,9
368,AGCT,39
369,GCTG,158
370,CTGC,121
371,TGCT,231
372,GCTC,157
373,CTCC,117
374,TCCT,215
375,CCTG,94
376,CTGA,120
377,TGAA,224
378,GAAG,130
379,AAGG,10
380,AGGC,41
381,GGCC,165
382,GCCG,150
383,CCGC,89
384,CGCC,101
385,GCCA,148
386,CCAA,80
387,CAAG,66
388,AAGA,8
389,AGAG,34
390,GAGC,137
391,AGCC,37
392,GCCG,150
393,CCGC,89
394,CGCT,103
395,GCTT,159
396,CTTT,127
397,TTTA,252
398,TTAC,241
399,TACC,197
400,ACCC,21
401,CCCT,87
402,CCTG,94
403,CTGC,121
404,TGCA,228
405,GCAC,145
406,CACA,68
407,ACAT,19
408,CATA,76
409,ATAT,51
410,TATT,207
411,ATTA,60
412,TTAC,241
413,TACC,197
414,ACCC,21
415,CCCG,86
416,CCGC,89
417,CGCC,101
418,GCCG,150
419,CCGA,88
420,CGAT,99
421,GATC,141
422,ATCA,52
423,TCAA,208
424,CAAT,67
425,AATT,15
426,ATTT,63
427,TTTC,253
428,TTCC,245
429,TCCG,214
430,CCGT,91
431,CGTA,108
432,GTAC,177
433,TACC,197
434,ACCT,23
435,CCTC,93
436,CTCA,116
437,TCAG,210
438,CAGT,75
439,AGTA,44
440,GTAC,177
441,TACC,197
442,ACCC,21
443,CCCA,84
444,CCAC,81
445,CACA,68
446,ACAG,18
447,CAGC,73
448,AGCA,36
449,GCAG,146
450,CAGC,73
451,AGCC,37
452,GCCT,151
453,CCTC,93
454,CTCT,119
455,TCTG,222
456,CTGT,123
457,TGTC,237
458,GTCA,180
459,TCAG,210
460,CAGG,74
461,AGGG,42
462,GGGT,171
463,GGTA,172
464,GTAA,176
465,TAAC,193
466,AACG,6
467,ACGG,26
468,CGGC,105
469,GGCA,164
470,GCAA,144
471,CAAT,67
472,AATG,14
473,ATGC,57
474,TGCC,229
475,GCCA,148
476,CCAA,80
477,CAAA,64
478,AAAA,0
479,AAAC,1
480,AACC,5
481,ACCT,23
482,CCTT,95
483,CTTT,127
484,TTTC,253
485,TTCG,246
486,TCGC,217
487,CGCG,102
488,GCGA,152
489,CGAA,96
490,GAAG,130
491,AAGC,9
492,AGCG,38
493,GCGC,153
494,CGCT,103
495,GCTC,157
496,CTCG,118
497,TCGC,217
498,CGCC,101
499,GCCG,150
500,CCGT,91
501,CGTC,109
502,GTCG,182
503,TCGT,219
504,CGTC,109
505,GTCG,182
506,TCGC,217
507,CGCC,101
508,GCCA,148
509,CCAA,80
510,CAAC,65
511,AACA,4
512,ACAC,17
513,CACC,69
514,ACCA,20
515,CCAT,83
516,CATG,78
517,ATGG,58
518,TGGC,233
519,GGCA,164
520,GCAC,145
521,CACA,68
522,ACAG,18
523,CAGA,72
524,AGAA,32
525,GAAC,129
526,AACG,6
527,ACGA,24
528,CGAC,97
529,GACG,134
530,ACGC,25
531,CGCA,100
532,GCAA,144
533,CAAG,66
534,AAGG,10
535,AGGC,41
536,GGCT,167
537,GCTT,159
538,CTTT,127
539,TTTT,255
540,TTTT,255
541,TTTC,253
542,TTCT,247
543,TCTG,222
544,CTGA,120
545,TGAA,224
546,GAAC,129
547,AACG,6
548,ACGG,26
549,CGGC,105
550,GGCG,166
551,GCGT,155
552,CGTC,109
553,GTCC,181
554,TCCT,215
555,CCTC,93
556,CTCA,116
557,TCAT,211
558,CATC,77
559,ATCG,54
560,TCGA,216
561,CGAG,98
562,GAGG,138
563,AGGT,43
564,GGTG,174
565,GTGG,186
566,TGGA,232
567,GGAA,160
568,GAAG,130
569,AAGG,10
570,AGGT,43
571,GGTC,173
572,GTCA,180
573,TCAG,210
574,CAGG,74
575,AGGA,40
576,GGAG,162
577,GAGC,137
578,AGCT,39
579,GCTG,158
580,CTGC,121
581,TGCG,230
582,GCGT,155
583,CGTC,109
584,GTCT,183
585,TCTC,221
586,CTCG,118
587,TCGT,219
588,CGTA,108
589,GTAG,178
590,TAGC,201
591,AGCC,37
592,GCCA,148
593,CCAC,81
594,CACC,69
595,ACCG,22
596,CCGA,88
597,CGAC,97
598,GACG,134
599,ACGG,26
600,CGGT,107
601,GGTC,173
602,GTCA,180
603,TCAT,211
604,CATC,77
605,ATCG,54
606,TCGT,219
607,CGTC,109
608,GTCT,183
609,TCTG,222
610,CTGG,122
611,TGGC,233
612,GGCC,165
613,GCCA,148
614,CCAT,83
615,CATG,78
616,ATGA,56
617,TGAT,227
618,GATG,142
619,ATGA,56
620,TGAC,225
621,GACC,133
622,ACCC,21
623,CCCT,87
624,CCTG,94
625,CTGC,121
626,TGCC,229
627,GCCT,151
628,CCTT,95
629,CTTT,127
630,TTTT,255
631,TTTG,254
632,TTGC,249
633,TGCC,229
634,GCCA,148
635,CCAG,82
636,CAGC,73
637,AGCA,36
638,GCAG,146
639,CAGC,73
640,AGCC,37
641,GCCT,151
642,CCTG,94
643,CTGG,122
644,TGGA,232
645,GGAA,160
646,GAAA,128
647,AAAG,2
648,AAGC,9
649,AGCG,38
650,GCGG,154
651,CGGA,104
652,GGAA,160
653,GAAG,130
654,AAGC,9
655,AGCT,39
656,GCTA,156
657,CTAC,113
658,TACC,197
659,ACCA,20
660,CCAG,82
661,CAGG,74
662,AGGC,41
663,GGCC,165
664,GCCA,148
665,CCAT,83
666,CATA,76
667,ATAC,49
668,TACT,199
669,ACTG,30
670,CTGC,121
671,TGCC,229
672,GCCG,150
673,CCGC,89
674,CGCG,102
675,GCGC,153
676,CGCA,100
677,GCAA,144
678,CAAA,64
679,AAAG,2
680,AAGC,9
681,AGCC,37
682,GCCG,150
683,CCGT,91
684,CGTC,109
685,GTCC,181
686,TCCT,215
687,CCTC,93
688,CTCG,118
689,TCGA,216
690,CGAA,96
691,GAAC,129
692,AACT,7
693,ACTA,28
694,CTAC,113
695,TACT,199
696,ACTG,30
697,CTGC,121
698,TGCG,230
699,GCGG,154
700,CGGA,104
701,GGAT,163
702,GATT,143
703,ATTC,61
704,TTCT,247
705,TCTC,221
706,CTCG,118
707,TCGA,216
708,CGAT,99
709,GATG,142
710,ATGA,56
711,TGAC,225
712,GACG,134
713,ACGG,26
714,CGGC,105
715,GGCG,166
716,GCGA,152
717,CGAC,97
718,GACA,132
719,ACAT,19
720,CATC,77
721,ATCG,54
722,TCGT,219
723,CGTT,111
724,GTTC,189
725,TTCT,247
726,TCTG,222
727,CTGG,122
728,TGGA,232
729,GGAA,160
730,GAAA,128
731,AAAT,3
732,AATG,14
733,ATGT,59
734,TGTC,237
735,GTCG,182
736,TCGG,218
737,CGGA,104
738,GGAT,163
739,GATG,142
740,ATGC,57
741,TGCC,229
742,GCCA,148
743,CCAG,82
744,CAGC,73
745,AGCT,39
746,GCTT,159
747,CTTT,127
748,TTTC,253
749,TTCT,247
750,TCTG,222
751,CTGC,121
752,TGCT,231
753,GCTC,157
754,CTCA,116
755,TCAA,208
756,CAAT,67
757,AATG,14
758,ATGA,56
759,TGAT,227
760,GATG,142
761,ATGG,58
762,TGGT,235
763,GGTA,172
764,GTAC,177
765,TACA,196
766,ACAC,17
767,CACA,68
768,ACAG,18
769,CAGC,73
770,AGCA,36
771,GCAG,146
772,CAGT,75
773,AGTT,47
774,GTTC,189
775,TTCG,246
776,TCGC,217
777,CGCC,101
778,GCCT,151
779,CCTG,94
780,CTGC,121
781,TGCA,228
782,GCAA,144
783,CAAG,66
784,AAGC,9
785,AGCT,39
786,GCTC,157
787,CTCA,116
788,TCAT,211
789,CATC,77
790,ATCG,54
791,TCGA,216
792,CGAC,97
793,GACG,134
794,ACGC,25
795,CGCC,101
796,GCCA,148
797,CCAA,80
798,CAAA,64
799,AAAT,3
800,AATA,12
801,ATAT,51
802,TATC,205
803,ATCC,53
804,TCCC,213
805,CCCG,86
806,CCGA,88
807,CGAT,99
808,GATT,143
809,ATTA,60
810,TTAC,241
811,TACC,197
812,ACCG,22
813,CCGC,89
814,CGCC,101
815,GCCG,150
816,CCGG,90
817,CGGG,106
818,GGGT,171
819,GGTC,173
820,GTCA,180
821,TCAT,211
822,CATC,77
823,ATCC,53
824,TCCC,213
825,CCCC,85
826,CCCC,85
827,CCCA,84
828,CCAG,82
829,CAGG,74
830,AGGG,42
831,GGGA,168
832,GGAC,161
833,GACA,132
834,ACAC,17
835,CACC,69
836,ACCC,21
837,CCCC,85
838,CCCC,85
839,CCCG,86
840,CCGC,89
841,CGCT,103
842,GCTT,159
843,CTTC,125
844,TTCG,246
845,TCGC,217
846,CGCC,101
847,GCCA,148
848,CCAT,83
849,CATA,76
850,ATAC,49
851,TACT,199
852,ACTG,30
853,CTGG,122
854,TGGA,232
855,GGAC,161
856,GACC,133
857,ACCG,22
858,CCGC,89
859,CGCC,101
860,GCCA,148
861,CCAG,82
862,CAGG,74
863,AGGC,41
864,GGCC,165
865,GCCT,151
866,CCTT,95
867,CTTC,125
868,TTCA,244
869,TCAA,208
870,CAAA,64
871,AAAA,0
872,AAAG,2
873,AAGT,11
874,AGTG,46
875,GTGC,185
876,TGCC,229
877,GCCT,151
878,CCTT,95
879,CTTG,126
880,TTGC,249
881,TGCA,228
882,GCAG,146
883,CAGC,73
884,AGCA,36
885,GCAG,146
886,CAGA,72
887,AGAG,34
888,GAGC,137
889,AGCG,38
890,GCGA,152
891,CGAC,97
892,GACG,134
893,ACGT,27
894,CGTT,111
895,GTTC,189
896,TTCT,247
897,TCTG,222
898,CTGG,122
899,TGGT,235
900,GGTC,173
901,GTCA,180
902,TCAG,210
903,CAGC,73
904,AGCG,38
905,GCGA,152
906,CGAC,97
907,GACC,133
908,ACCG,22
909,CCGT,91
910,CGTA,108
911,GTAA,176
912,TAAT,195
913,AATC,13
914,ATCC,53
915,TCCG,214
916,CCGA,88
917,CGAC,97
918,GACC,133
919,ACCA,20
920,CCAC,81
921,CACC,69
922,ACCC,21
923,CCCA,84
924,CCAT,83
925,CATC,77
926,ATCT,55
927,TCTT,223
928,CTTC,125
929,TTCA,244
930,TCAT,211
931,CATC,77
932,ATCT,55
933,TCTG,222
934,CTGG,122
935,TGGA,232
936,GGAA,160
937,GAAA,128
938,AAAA,0
939,AAAC,1
940,AACG,6
941,ACGA,24
942,CGAC,97
943,GACC,133
944,ACCA,20
945,CCAG,82
946,CAGA,72
947,AGAT,35
948,GATG,142
949,ATGA,56
950,TGAC,225
951,GACC,133
952,ACCC,21
953,CCCT,87
954,CCTG,94
955,CTGC,121
956,TGCG,230
957,GCGC,153
958,CGCA,100
959,GCAG,146
960,CAGC,73
961,AGCC,37
962,GCCG,150
963,CCGC,89
964,CGCA,100
965,GCAA,144
966,CAAT,67
967,AATG,14
968,ATGA,56
969,TGAG,226
970,GAGG,138
971,AGGA,40
972,GGAG,162
973,GAGC,137
974,AGCA,36
975,GCAG,146
976,CAGG,74
977,AGGA,40
978,GGAG,162
979,GAGG,138
980,AGGA,40
981,GGAA,160
982,GAAG,130
983,AAGG,10
984,AGGC,41
985,GGCG,166
986,GCGA,152
987,CGAA,96
988,GAAA,128
989,AAAT,3
990,AATC,13
991,ATCC,53
992,TCCA,212
993,CCAG,82
994,CAGA,72
995,AGAT,35
996,GATT,143
997,ATTC,61
998,TTCC,245
999,TCCC,213
1000,CCCG,86
1001,CCGT,91
1002,CGTC,109
1003,GTCG,182
1004,TCGA,216
1005,CGAG,98
1006,GAGT,139
1007,AGTA,44
1008,GTAT,179
1009,TATC,205
1010,ATCA,52
1011,TCAG,210
1012,CAGG,74
1013,AGGG,42
1014,GGGT,171
1015,GGTG,174
1016,GTGA,184
1017,TGAC,225
1018,GACA,132
1019,ACAC,17
1020,CACC,69
1021,ACCC,21
1022,CCCT,87
1023,CCTG,94
1024,CTGG,122
1025,TGGA,232
1026,GGAT,163
1027,GATA,140
1028,ATAT,51
1029,TATC,205
1030,ATCG,54
1031,TCGC,217
1032,CGCT,103
1033,GCTT,159
1034,CTTT,127
1035,TTTC,253
1036,TTCA,244
1037,TCAA,208
1038,CAAC,65
1039,AACA,4
1040,ACAG,18
1041,CAGC,73
1042,AGCC,37
1043,GCCG,150
1044,CCGC,89
1045,CGCT,103
1046,GCTA,156
1047,CTAT,115
1048,TATC,205
1049,ATCT,55
1050,TCTG,222
1051,CTGA,120
1052,TGAC,225
1053,GACG,134
1054,ACGG,26
1055,CGGA,104
1056,GGAC,161
1057,GACA,132
1058,ACAC,17
1059,CACG,70
1060,ACGA,24
1061,CGAC,97
1062,GACC,133
1063,ACCC,21
1064,CCCA,84
1065,CCAG,82
1066,CAGA,72
1067,AGAT,35
1068,GATA,140
1069,ATAT,51
1070,TATT,207
1071,ATTC,61
1072,TTCC,245
1073,TCCC,213
1074,CCCC,85
1075,CCCC,85
1076,CCCA,84
1077,CCAG,82
1078,CAGG,74
1079,AGGA,40
1080,GGAA,160
1081,GAAA,128
1082,AAAG,2
1083,AAGT,11
1084,AGTT,47
1085,GTTT,191
1086,TTTG,254
1087,TTGC,249
1088,TGCG,230
1089,GCGG,154
1090,CGGA,104
1091,GGAT,163
1092,GATG,142
1093,ATGC,57
1094,TGCG,230
1095,GCGG,154
1096,CGGG,106
1097,GGGT,171
1098,GGTC,173
1099,GTCA,180
1100,TCAA,208
1101,CAAG,66
1102,AAGG,10
1103,AGGA,40
1104,GGAC,161
1105,GACA,132
1106,ACAG,18
1107,CAGC,73
1108,AGCG,38
1109,GCGA,152
1110,CGAC,97
1111,GACA,132
1112,ACAG,18
1113,CAGC,73
1114,AGCA,36
1115,GCAG,146
1116,CAGC,73
1117,AGCG,38
1118,GCGC,153
1119,CGCC,101
1120,GCCG,150
1121,CCGT,91
1122,CGTT,111
1123,GTTT,191
1124,TTTT,255
1125,TTTC,253
1126,TTCA,244
1127,TCAC,209
1128,CACC,69
1129,ACCC,21
1130,CCCC,85
1131,CCCG,86
1132,CCGG,90
1133,CGGT,107
1134,GGTA,172
1135,GTAG,178
1136,TAGA,200
1137,AGAC,33
1138,GACA,132
1139,ACAG,18
1140,CAGC,73
1141,AGCA,36
1142,GCAA,144
1143,CAAT,67
1144,AATA,12
1145,ATAA,48
1146,TAAT,195
1147,AATC,13
1148,ATCC,53
1149,TCCC,213
1150,CCCC,85
1151,CCCT,87
1152,CCTG,94
1153,CTGT,123
1154,TGTA,236
1155,GTAT,179
1156,TATA,204
1157,ATAT,51
1158,TATC,205
1159,ATCA,52
1160,TCAT,211
1161,CATC,77
1162,ATCA,52
1163,TCAT,211
1164,CATG,78
1165,ATGC,57
1166,TGCC,229
1167,GCCC,149
1168,CCCG,86
1169,CCGT,91
1170,CGTT,111
1171,GTTC,189
1172,TTCG,246
1173,TCGT,219
1174,CGTC,109
1175,GTCT,183
1176,TCTT,223
1177,CTTT,127
1178,TTTG,254
1179,TTGA,248
1180,TGAG,226
1181,GAGA,136
1182,AGAT,35
1183,GATG,142
1184,ATGC,57
1185,TGCC,229
1186,GCCC,149
1187,CCCC,85
1188,CCCT,87
1189,CCTG,94
1190,CTGG,122
1191,TGGA,232
1192,GGAG,162
1193,GAGG,138
1194,AGGC,41
1195,GGCA,164
1196,GCAC,145
1197,CACT,71
1198,ACTG,30
1199,CTGC,121
1200,TGCA,228
1201,GCAT,147
1202,CATA,76
1203,ATAT,51
1204,TATC,205
1205,ATCC,53
1206,TCCA,212
1207,CCAG,82
1208,CAGT,75
1209,AGTC,45
1210,GTCT,183
1211,TCTG,222
1212,CTGT,123
1213,TGTG,238
1214,GTGC,185
1215,TGCG,230
1216,GCGT,155
1217,CGTT,111
1218,GTTG,190
1219,TTGC,249
1220,TGCA,228
1221,GCAT,147
1222,CATA,76
1223,ATAG,50
1224,TAGA,200
1225,AGAA,32
1226,GAAA,128
1227,AAAC,1
1228,AACC,5
1229,ACCT,23
1230,CCTT,95
1231,CTTG,126
1232,TTGG,250
1233,TGGA,232
1234,GGAT,163
1235,GATC,141
1236,ATCT,55
1237,TCTG,222
1238,CTGA,120
1239,TGAA,224
1240,GAAA,128
1241,AAAA,0
1242,AAAC,1
1243,AACG,6
1244,ACGG,26
1245,CGGA,104
1246,GGAC,161
1247,GACC,133
1248,ACCG,22
1249,CCGC,89
1250,CGCC,101
1251,GCCA,148
1252,CCAG,82
1253,CAGT,75
1254,AGTG,46
1255,GTGG,186
1256,TGGA,232
1257,GGAA,160
1258,GAAC,129
1259,AACT,7
1260,ACTG,30
1261,CTGG,122
1262,TGGC,233
1263,GGCT,167
1264,GCTG,158
1265,CTGA,120
1266,TGAT,227
1267,GATA,140
1268,ATAG,50
1269,TAGG,202
1270,AGGC,41
1271,GGCG,166
1272,GCGC,153
1273,CGCC,101
1274,GCCA,148
1275,CCAA,80
1276,CAAC,65
1277,AACG,6
1278,ACGG,26
1279,CGGC,105
1280,GGCG,166
1281,GCGC,153
1282,CGCG,102
1283,GCGG,154
1284,CGGG,106
1285,GGGC,169
1286,GGCA,164
1287,GCAA,144
1288,CAAG,66
1289,AAGA,8
1290,AGAG,34
1291,GAGC,137
1292,AGCT,39
1293,GCTC,157
1294,CTCG,118
1295,TCGG,218
1296,CGGT,107
1297,GGTG,174
1298,GTGC,185
1299,TGCT,231
1300,GCTG,158
1301,CTGG,122
1302,TGGA,232
1303,GGAA,160
1304,GAAG,130
1305,AAGC,9
1306,AGCC,37
1307,GCCA,148
1308,CCAT,83
1309,CATC,77
1310,ATCC,53
1311,TCCA,212
1312,CCAC,81
1313,CACG,70
1314,ACGT,27
1315,CGTG,110
1316,GTGC,185
1317,TGCT,231
1318,GCTT,159
1319,CTTG,126
1320,TTGG,250
1321,TGGT,235
1322,GGTA,172
1323,GTAC,177
1324,TACG,198
1325,ACGG,26
1326,CGGG,106
1327,GGGG,170
1328,GGGC,169
1329,GGCA,164
1330,GCAG,146
1331,CAGA,72
1332,AGAC,33
1333,GACC,133
1334,ACCT,23
1335,CCTG,94
1336,CTGG,122
1337,TGGC,233
1338,GGCG,166
1339,GCGA,152
1340,CGAC,97
1341,GACA,132
1342,ACAT,19
1343,CATG,78
1344,ATGG,58
1345,TGGG,234
1346,GGGT,171
1347,GGTC,173
1348,GTCC,181
1349,TCCC,213
1350,CCCG,86
1351,CCGC,89
1352,CGCC,101
1353,GCCA,148
1354,CCAT,83
1355,CATG,78
1356,ATGT,59
1357,TGTC,237
1358,GTCC,181
1359,TCCT,215
1360,CCTG,94
1361,CTGC,121
1362,TGCG,230
1363,GCGG,154
1364,CGGG,106
1365,GGGA,168
1366,GGAG,162
1367,GAGG,138
1368,AGGG,42
1369,GGGG,170
1370,GGGG,170
1371,GGGA,168
1372,GGAC,161
1373,GACG,134
1374,ACGA,24
1375,CGAC,97
1376,GACG,134
1377,ACGC,25
1378,CGCC,101
1379,GCCT,151
1380,CCTA,92
1381,CTAT,115
1382,TATC,205
1383,ATCT,55
1384,TCTG,222
1385,CTGG,122
1386,TGGT,235
1387,GGTC,173
1388,GTCA,180
1389,TCAG,210
1390,CAGT,75
1391,AGTG,46
1392,GTGC,185
1393,TGCG,230
1394,GCGC,153
1395,CGCA,100
1396,GCAT,147
1397,CATC,77
1398,ATCT,55
1399,TCTG,222
1400,CTGT,123
1401,TGTC,237
1402,GTCC,181
1403,TCCG,214
1404,CCGG,90
1405,CGGT,107
1406,GGTC,173
1407,GTCA,180
1408,TCAT,211
1409,CATT,79
1410,ATTT,63
1411,TTTC,253
1412,TTCC,245
1413,TCCT,215
1414,CCTC,93
1415,CTCG,118
1416,TCGC,217
1417,CGCC,101
1418,GCCC,149
1419,CCCT,87
1420,CCTG,94
1421,CTGC,121
1422,TGCG,230
1423,GCGC,153
1424,CGCC,101
1425,GCCG,150
1426,CCGG,90
1427,CGGC,105
1428,GGCG,166
1429,GCGT,155
1430,CGTG,110
1431,GTGG,186
1432,TGGC,233
1433,GGCG,166
1434,GCGA,152
1435,CGAA,96
1436,GAAG,130
1437,AAGA,8
1438,AGAA,32
1439,GAAC,129
1440,AACG,6
1441,ACGA,24
1442,CGAG,98
1443,GAGA,136
1444,AGAA,32
1445,GAAA,128
1446,AAAT,3
1447,AATA,12
1448,ATAC,49
1449,TACG,198
1450,ACGC,25
1451,CGCT,103
1452,GCTA,156
1453,CTAT,115
1454,TATG,206
1455,ATGA,56
1456,TGAT,227
1457,GATG,142
1458,ATGG,58
1459,TGGG,234
1460,GGGG,170
1461,GGGA,168
1462,GGAG,162
1463,GAGC,137
1464,AGCC,37
1465,GCCG,150
1466,CCGC,89
1467,CGCT,103
1468,GCTC,157
1469,CTCG,118
1470,TCGG,218
1471,CGGT,107
1472,GGTT,175
1473,GTTC,189
1474,TTCT,247
1475,TCTG,222
1476,CTGC,121
1477,TGCC,229
1478,GCCT,151
1479,CCTG,94
1480,CTGG,122
1481,TGGC,233
1482,GGCT,167
1483,GCTA,156
1484,CTAC,113
1485,TACT,199
1486,ACTG,30
1487,CTGC,121
1488,TGCT,231
1489,GCTG,158
1490,CTGG,122
1491,TGGA,232
1492,GGAT,163
1493,GATA,140
1494,ATAT,51
1495,TATT,207
1496,ATTT,63
1497,TTTT,255
1498,TTTG,254
1499,TTGC,249
1500,TGCC,229
1501,GCCT,151
1502,CCTC,93
1503,CTCT,119
1504,TCTG,222
1505,CTGC,121
1506,TGCA,228
1507,GCAA,144
1508,CAAA,64
1509,AAAG,2
1510,AAGC,9
1511,AGCC,37
1512,GCCT,151
1513,CCTG,94
1514,CTGC,121
1515,TGCA,228
1516,GCAC,145
1517,CACG,70
1518,ACGA,24
1519,CGAG,98
1520,GAGG,138
1521,AGGA,40
1522,GGAC,161
1523,GACA,132
1524,ACAA,16
1525,CAAC,65
1526,AACA,4
1527,ACAG,18
1528,CAGC,73
1529,AGCC,37
1530,GCCA,148
1531,CCAC,81
1532,CACT,71
1533,ACTT,31
1534,CTTT,127
1535,TTTG,254
1536,TTGT,251
1537,TGTC,237
1538,GTCT,183
1539,TCTC,221
1540,CTCG,118
1541,TCGG,218
1542,CGGG,106
1543,GGGG,170
1544,GGGA,168
1545,GGAC,161
1546,GACG,134
1547,ACGG,26
1548,CGGC,105
1549,GGCG,166
1550,GCGG,154
1551,CGGA,104
1552,GGAG,162
1553,GAGG,138
1554,AGGG,42
1555,GGGC,169
1556,GGCC,165
1557,GCCG,150
1558,CCGC,89
1559,CGCC,101
1560,GCCG,150
1561,CCGG,90
1562,CGGC,105
1563,GGCG,166
1564,GCGC,153
1565,CGCG,102
1566,GCGT,155
1567,CGTA,108
1568,GTAC,177
1569,TACT,199
1570,ACTG,30
1571,CTGG,122
1572,TGGA,232
1573,GGAC,161
1574,GACT,135
1575,ACTG,30
1576,CTGG,122
1577,TGGG,234
1578,GGGG,170
1579,GGGC,169
1580,GGCA,164
1581,GCAT,147
1582,CATT,79
1583,ATTT,63
1584,TTTA,252
1585,TTAT,243
1586,TATT,207
1587,ATTA,60
1588,TTAC,241
1589,TACG,198
1590,ACGC,25
1591,CGCA,100
1592,GCAG,146
1593,CAGA,72
1594,AGAC,33
1595,GACC,133
1596,ACCG,22
1597,CCGG,90
1598,CGGT,107
1599,GGTA,172
1600,GTAT,179
1601,TATT,207
1602,ATTA,60
1603,TTAC,241
1604,TACG,198
1605,ACGG,26
1606,CGGC,105
1607,GGCA,164
1608,GCAC,145
1609,CACG,70
1610,ACGG,26
1611,CGGT,107
1612,GGTA,172
1613,GTAT,179
1614,TATT,207
1615,ATTT,63
1616,TTTC,253
1617,TTCG,246
1618,TCGC,217
1619,CGCC,101
1620,GCCA,148
1621,CCAA,80
1622,CAAT,67
1623,AATA,12
1624,ATAC,49
1625,TACC,197
1626,ACCG,22
1627,CCGA,88
1628,CGAC,97
1629,GACG,134
1630,ACGG,26
1631,CGGG,106
1632,GGGC,169
1633,GGCG,166
1634,GCGT,155
1635,CGTT,111
1636,GTTG,190
1637,TTGC,249
1638,TGCA,228
1639,GCAG,146
1640,CAGC,73
1641,AGCA,36
1642,GCAA,144
1643,CAAC,65
1644,AACG,6
1645,ACGC,25
1646,CGCA,100
1647,GCAA,144
1648,CAAT,67
1649,AATG,14
1650,ATGC,57
1651,TGCC,229
1652,GCCT,151
1653,CCTG,94
1654,CTGG,122
1655,TGGC,233
1656,GGCT,167
1657,GCTG,158
1658,CTGA,120
1659,TGAA,224
1660,GAAA,128
1661,AAAA,0
1662,AAAG,2
1663,AAGC,9
1664,AGCG,38
1665,GCGA,152
1666,CGAT,99
1667,GATC,141
1668,ATCA,52
1669,TCAT,211
1670,CATG,78
1671,ATGG,58
1672,TGGC,233
1673,GGCC,165
1674,GCCG,150
1675,CCGA,88
1676,CGAC,97
1677,GACA,132
1678,ACAA,16
1679,CAAC,65
1680,AACC,5
1681,ACCC,21
1682,CCCT,87
1683,CCTG,94
1684,CTGG,122
1685,TGGG,234
1686,GGGA,168
1687,GGAC,161
1688,GACG,134
1689,ACGA,24
1690,CGAT,99
1691,GATG,142
1692,ATGG,58
1693,TGGT,235
1694,GGTG,174
1695,GTGT,187
1696,TGTC,237
1697,GTCA,180
1698,TCAT,211
1699,CATC,77
1700,ATCG,54
1701,TCGT,219
1702,CGTC,109
1703,GTCG,182
1704,TCGC,217
1705,CGCC,101
1706,GCCG,150
1707,CCGG,90
1708,CGGC,105
1709,GGCG,166
1710,GCGA,152
1711,CGAA,96
1712,GAAG,130
1713,AAGA,8
1714,AGAC,33
1715,GACA,132
1716,ACAT,19
1717,CATC,77
1718,ATCC,53
1719,TCCA,212
1720,CCAG,82
1721,CAGC,73
1722,AGCA,36
1723,GCAG,146
1724,CAGC,73
1725,AGCG,38
1726,GCGG,154
1727,CGGC,105
1728,GGCG,166
1729,GCGG,154
1730,CGGC,105
1731,GGCA,164
1732,GCAG,146
1733,CAGG,74
1734,AGGC,41
1735,GGCC,165
1736,GCCC,149
1737,CCCA,84
1738,CCAT,83
1739,CATC,77
1740,ATCT,55
1741,TCTC,221
1742,CTCG,118
1743,TCGC,217
1744,CGCC,101
1745,GCCG,150
1746,CCGC,89
1747,CGCT,103
1748,GCTG,158
1749,CTGT,123
1750,TGTG,238
1751,GTGC,185
1752,TGCA,228
1753,GCAG,146
1754,CAGC,73
1755,AGCT,39
1756,GCTC,157
1757,CTCG,118
1758,TCGA,216
1759,CGAA,96
1760,GAAG,130
1761,AAGT,11
1762,AGTC,45
1763,GTCG,182
1764,TCGT,219
1765,CGTG,110
1766,GTGA,184
1767,TGAC,225
1768,GACC,133
1769,ACCC,21
1770,CCCT,87
1771,CCTC,93
1772,CTCT,119
1773,TCTG,222
1774,CTGG,122
1775,TGGG,234
1776,GGGA,168
1777,GGAA,160
1778,GAAC,129
1779,AACG,6
1780,ACGC,25
1781,CGCT,103
1782,GCTG,158
1783,CTGG,122
1784,TGGT,235
1785,GGTC,173
1786,GTCC,181
1787,TCCG,214
1788,CCGG,90
1789,CGGA,104
1790,GGAT,163
1791,GATC,141
1792,ATCA,52
1793,TCAT,211
1794,CATT,79
1795,ATTG,62
1796,TTGT,251
1797,TGTC,237
1798,GTCC,181
1799,TCCG,214
1800,CCGG,90
1801,CGGG,106
1802,GGGC,169
1803,GGCT,167
1804,GCTC,157
1805,CTCA,116
1806,TCAG,210
1807,CAGT,75
1808,AGTC,45
1809,GTCT,183
1810,TCTG,222
1811,CTGC,121
1812,TGCA,228
1813,GCAT,147
1814,CATC,77
1815,ATCT,55
1816,TCTG,222
1817,CTGC,121
1818,TGCA,228
1819,GCAC,145
1820,CACA,68
1821,ACAG,18
1822,CAGC,73
1823,AGCG,38
1824,GCGG,154
1825,CGGT,107
1826,GGTT,175
1827,GTTG,190
1828,TTGG,250
1829,TGGA,232
1830,GGAA,160
1831,GAAG,130
1832,AAGG,10
1833,AGGA,40
1834,GGAA,160
1835,GAAG,130
1836,AAGG,10
1837,AGGC,41
1838,GGCA,164
1839,GCAT,147
1840,CATG,78
1841,ATGG,58
1842,TGGC,233
1843,GGCG,166
1844,GCGC,153
1845,CGCT,103
1846,GCTG,158
1847,CTGG,122
1848,TGGG,234
1849,GGGC,169
1850,GGCG,166
1851,GCGA,152
1852,CGAC,97
1853,GACT,135
1854,ACTG,30
1855,CTGC,121
1856,TGCC,229
1857,GCCT,151
1858,CCTG,94
1859,CTGC,121
1860,TGCT,231
1861,GCTG,158
1862,CTGC,121
1863,TGCG,230
1864,GCGG,154
1865,CGGG,106
1866,GGGA,168
1867,GGAT,163
1868,GATC,141
1869,ATCA,52
1870,TCAC,209
1871,CACG,70
1872,ACGA,24
1873,CGAA,96
1874,GAAC,129
1875,AACA,4
1876,ACAG,18
1877,CAGG,74
1878,AGGA,40
1879,GGAT,163
1880,GATC,141
1881,ATCG,54
1882,TCGC,217
1883,CGCG,102
1884,GCGA,152
1885,CGAA,96
1886,GAAG,130
1887,AAGC,9
1888,AGCG,38
1889,GCGG,154
1890,CGGG,106
1891,GGGC,169
1892,GGCT,167
1893,GCTA,156
1894,CTAT,115
1895,TATA,204
1896,ATAC,49
1897,TACC,197
1898,ACCC,21
1899,CCCA,84
1900,CCAC,81
1901,CACA,68
1902,ACAG,18
1903,CAGC,73
1904,AGCG,38
1905,GCGG,154
1906,CGGC,105
1907,GGCC,165
1908,GCCC,149
1909,CCCG,86
1910,CCGC,89
1911,CGCA,100
1912,GCAT,147
1913,CATC,77
1914,ATCG,54
1915,TCGC,217
1916,CGCG,102
1917,GCGC,153
1918,CGCC,101
1919,GCCA,148
1920,CCAA,80
1921,CAAT,67
1922,AATC,13
1923,ATCT,55
1924,TCTG,222
1925,CTGG,122
1926,TGGC,233
1927,GGCA,164
1928,GCAT,147
1929,CATT,79
1930,ATTC,61
1931,TTCC,245
1932,TCCG,214
1933,CCGG,90
1934,CGGG,106
1935,GGGT,171
1936,GGTA,172
1937,GTAC,177
1938,TACG,198
1939,ACGC,25
1940,CGCG,102
1941,GCGG,154
1942,CGGC,105
1943,GGCA,164
1944,GCAA,144
1945,CAAA,64
1946,AAAC,1
1947,AACC,5
1948,ACCG,22
1949,CCGG,90
1950,CGGC,105
1951,GGCA,164
1952,GCAC,145
1953,CACC,69
1954,ACCG,22
1955,CCGG,90
1956,CGGA,104
1957,GGAT,163
1958,GATA,140
1959,ATAT,51
1960,TATT,207
1961,ATTC,61
1962,TTCT,247
1963,TCTT,223
1964,CTTT,127
1965,TTTC,253
1966,TTCG,246
1967,TCGC,217
1968,CGCG,102
1969,GCGG,154
1970,CGGG,106
1971,GGGG,170
1972,GGGC,169
1973,GGCC,165
1974,GCCA,148
1975,CCAG,82
1976,CAGT,75
1977,AGTT,47
1978,GTTG,190
1979,TTGC,249
1980,TGCG,230
1981,GCGG,154
1982,CGGG,106
1983,GGGT,171
1984,GGTA,172
1985,GTAT,179
1986,TATT,207
1987,ATTG,62
1988,TTGG,250
1989,TGGG,234
1990,GGGT,171
1991,GGTC,173
1992,GTCT,183
1993,TCTG,222
1994,CTGG,122
1995,TGGC,233
1996,GGCC,165
